Workbook

Sheet NACA 0012
A1: NACA 0012 — AoA Sweep Tracker (V = 60 m/s, chord = 0.25 m, half-span area = 0.075 m²)
A3: AoA (deg) | B3: Vx (m/s) | C3: Vy (m/s) | D3: Lift dir X | E3: Lift dir Y | F3: Drag dir X | G3: Drag dir Y | H3: Cl (theory) | I3: Cl (CFD) | J3: Cl % diff | K3: Cd (CFD)
A4: -4 | B4: 59.854 | C4: -4.187 | D4: 0.0698 | E4: 0.9976 | F4: 0.9976 | G4: -0.0698 | H4: -0.242 | I4: -0.206 | J4: =IF(I4="","",(I4-H4)/H4) -> -0.14876033 | K4: 0.018
A5: -2 | B5: 59.963 | C5: -2.094 | D5: 0.0349 | E5: 0.9994 | F5: 0.9994 | G5: -0.0349 | H5: -0.121 | I5: -0.1 | J5: =IF(I5="","",(I5-H5)/H5) -> -0.17355372 | K5: 0.015
A6: 0 | B6: 60 | C6: 0 | D6: 0 | E6: 1 | F6: 1 | G6: 0 | H6: 0 | I6: 0 | J6: =IF(I6="","",(I6-H6)/H6) -> #DIV/0! | K6: 0.012
A7: 2 | B7: 59.963 | C7: 2.094 | D7: -0.0349 | E7: 0.9994 | F7: 0.9994 | G7: 0.0349 | H7: 0.121 | I7: 0.097 | J7: =IF(I7="","",(I7-H7)/H7) -> -0.19834711 | K7: 0.013
A8: 5 | B8: 59.772 | C8: 5.234 | D8: -0.0872 | E8: 0.9962 | F8: 0.9962 | G8: 0.0872 | H8: 0.303 | I8: 0.25 | J8: =IF(I8="","",(I8-H8)/H8) -> -0.17491749 | K8: 0.022
A9: 8 | B9: 59.415 | C9: 8.348 | D9: -0.1392 | E9: 0.9903 | F9: 0.9903 | G9: 0.1392 | H9: 0.484 | I9: 0.394 | J9: =IF(I9="","",(I9-H9)/H9) -> -0.18595041 | K9: 0.037
A10: 10 | B10: 59.088 | C10: 10.419 | D10: -0.1736 | E10: 0.9848 | F10: 0.9848 | G10: 0.1736 | H10: 0.605 | I10: 0.51 | J10: =IF(I10="","",(I10-H10)/H10) -> -0.15702479 | K10: 0.05
A11: 12 | B11: 58.689 | C11: 12.47 | D11: -0.2079 | E11: 0.9781 | F11: 0.9781 | G11: 0.2079 | H11: 0.726 | I11: 0.597 | J11: =IF(I11="","",(I11-H11)/H11) -> -0.17768595 | K11: 0.067

Sheet NACA 2412
A1: NACA 2412 — AoA Sweep Tracker (V = 60 m/s, chord = 0.25 m, half-span area = 0.075 m²)
A3: AoA (deg) | B3: Vx (m/s) | C3: Vy (m/s) | D3: Lift dir X | E3: Lift dir Y | F3: Drag dir X | G3: Drag dir Y | H3: Cl (theory) | I3: Cl (CFD) | J3: Cl % diff | K3: Cd (CFD)
A4: -4 | B4: 59.854 | C4: -4.187 | D4: 0.0698 | E4: 0.9976 | F4: 0.9976 | G4: -0.0698 | H4: -0.058 | I4: -0.103 | J4: =IF(I4="","",(I4-H4)/H4) -> 0.77586207 | K4: 0.016
A5: -2 | B5: 59.963 | C5: -2.094 | D5: 0.0349 | E5: 0.9994 | F5: 0.9994 | G5: -0.0349 | H5: 0.02 | I5: 0 | J5: =IF(I5="","",(I5-H5)/H5) -> -1 | K5: 0.014
A6: 0 | B6: 60 | C6: 0 | D6: 0 | E6: 1 | F6: 1 | G6: 0 | H6: 0.134 | I6: 0.105 | J6: =IF(I6="","",(I6-H6)/H6) -> -0.21641791 | K6: 0.014
A7: 2 | B7: 59.963 | C7: 2.094 | D7: -0.0349 | E7: 0.9994 | F7: 0.9994 | G7: 0.0349 | H7: 0.248 | I7: 0.221 | J7: =IF(I7="","",(I7-H7)/H7) -> -0.10887097 | K7: 0.018
A8: 5 | B8: 59.772 | C8: 5.234 | D8: -0.0872 | E8: 0.9962 | F8: 0.9962 | G8: 0.0872 | H8: 0.42 | I8: 0.56 | J8: =IF(I8="","",(I8-H8)/H8) -> 0.33333333 | K8: 0.02
A9: 8 | B9: 59.415 | C9: 8.348 | D9: -0.1392 | E9: 0.9903 | F9: 0.9903 | G9: 0.1392 | H9: 0.591 | I9: 0.515 | J9: =IF(I9="","",(I9-H9)/H9) -> -0.1285956 | K9: 0.049
A10: 10 | B10: 59.088 | C10: 10.419 | D10: -0.1736 | E10: 0.9848 | F10: 0.9848 | G10: 0.1736 | H10: 0.706 | I10: 0.6 | J10: =IF(I10="","",(I10-H10)/H10) -> -0.15014164 | K10: 0.074
A11: 12 | B11: 58.689 | C11: 12.47 | D11: -0.2079 | E11: 0.9781 | F11: 0.9781 | G11: 0.2079 | H11: 0.82 | I11: 0.726 | J11: =IF(I11="","",(I11-H11)/H11) -> -0.11463415 | K11: 0.085

Sheet Summary Chart
A1: Cl vs Angle of Attack — comparison
A4: AoA (deg) | B4: NACA 0012 Cl (CFD) | C4: NACA 0012 Cl (theory) | D4: NACA 2412 Cl (CFD) | E4: NACA 2412 Cl (theory)
A5: ='NACA 0012'!A4 -> -4 | B5: ='NACA 0012'!I4 -> -0.206 | C5: ='NACA 0012'!H4 -> -0.242 | D5: ='NACA 2412'!I4 -> -0.103 | E5: ='NACA 2412'!H4 -> -0.058
A6: ='NACA 0012'!A5 -> -2 | B6: ='NACA 0012'!I5 -> -0.1 | C6: ='NACA 0012'!H5 -> -0.121 | D6: ='NACA 2412'!I5 -> 0 | E6: ='NACA 2412'!H5 -> 0.02
A7: ='NACA 0012'!A6 -> 0 | B7: ='NACA 0012'!I6 -> 0 | C7: ='NACA 0012'!H6 -> 0 | D7: ='NACA 2412'!I6 -> 0.105 | E7: ='NACA 2412'!H6 -> 0.134
A8: ='NACA 0012'!A7 -> 2 | B8: ='NACA 0012'!I7 -> 0.097 | C8: ='NACA 0012'!H7 -> 0.121 | D8: ='NACA 2412'!I7 -> 0.221 | E8: ='NACA 2412'!H7 -> 0.248
A9: ='NACA 0012'!A8 -> 5 | B9: ='NACA 0012'!I8 -> 0.25 | C9: ='NACA 0012'!H8 -> 0.303 | D9: ='NACA 2412'!I8 -> 0.56 | E9: ='NACA 2412'!H8 -> 0.42
A10: ='NACA 0012'!A9 -> 8 | B10: ='NACA 0012'!I9 -> 0.394 | C10: ='NACA 0012'!H9 -> 0.484 | D10: ='NACA 2412'!I9 -> 0.515 | E10: ='NACA 2412'!H9 -> 0.591
A11: ='NACA 0012'!A10 -> 10 | B11: ='NACA 0012'!I10 -> 0.51 | C11: ='NACA 0012'!H10 -> 0.605 | D11: ='NACA 2412'!I10 -> 0.6 | E11: ='NACA 2412'!H10 -> 0.706
A12: ='NACA 0012'!A11 -> 12 | B12: ='NACA 0012'!I11 -> 0.597 | C12: ='NACA 0012'!H11 -> 0.726 | D12: ='NACA 2412'!I11 -> 0.726 | E12: ='NACA 2412'!H11 -> 0.82
